{
  "hash": "bbc12193",
  "configHash": "2eb2bab9",
  "lockfileHash": "9580dba4",
  "browserHash": "4e4b135b",
  "optimized": {
    "react": {
      "src": "../../react/index.js",
      "file": "react.js",
      "fileHash": "b7e73a59",
      "needsInterop": true
    },
    "react-dom": {
      "src": "../../react-dom/index.js",
      "file": "react-dom.js",
      "fileHash": "5098d2d3",
      "needsInterop": true
    },
    "react/jsx-dev-runtime": {
      "src": "../../react/jsx-dev-runtime.js",
      "file": "react_jsx-dev-runtime.js",
      "fileHash": "ee3da522",
      "needsInterop": true
    },
    "react/jsx-runtime": {
      "src": "../../react/jsx-runtime.js",
      "file": "react_jsx-runtime.js",
      "fileHash": "90e09ff8",
      "needsInterop": true
    },
    "chart.js": {
      "src": "../../chart.js/dist/chart.js",
      "file": "chart__js.js",
      "fileHash": "fa908334",
      "needsInterop": false
    },
    "lucide-react": {
      "src": "../../lucide-react/dist/esm/lucide-react.js",
      "file": "lucide-react.js",
      "fileHash": "fd05d023",
      "needsInterop": false
    },
    "react-chartjs-2": {
      "src": "../../react-chartjs-2/dist/index.js",
      "file": "react-chartjs-2.js",
      "fileHash": "103aa6ca",
      "needsInterop": false
    },
    "react-dom/client": {
      "src": "../../react-dom/client.js",
      "file": "react-dom_client.js",
      "fileHash": "2a8819c7",
      "needsInterop": true
    },
    "react-router-dom": {
      "src": "../../react-router-dom/dist/index.js",
      "file": "react-router-dom.js",
      "fileHash": "37ee7e9e",
      "needsInterop": false
    }
  },
  "chunks": {
    "chunk-MYD4QHHW": {
      "file": "chunk-MYD4QHHW.js"
    },
    "chunk-NUMECXU6": {
      "file": "chunk-NUMECXU6.js"
    },
    "chunk-RLJ2RCJQ": {
      "file": "chunk-RLJ2RCJQ.js"
    },
    "chunk-DC5AMYBS": {
      "file": "chunk-DC5AMYBS.js"
    }
  }
}